overshoot,time_to_recover,stability_variance,control_effort,crash,config
1.5049465616699786,0.0,0.0003982377582324201,205.8041919994168,False,baseline
0.4051684031534063,0.0,0.00039803442934696214,2.054972161244679,False,ga
